threshold,contacted,true_positives,precision,recall,capacity_utilization,net_value,feasible
0.05,1517,347,0.22874093605800924,0.9719887955182073,6.427966101694915,7821.0,False
0.06,1450,345,0.23793103448275862,0.9663865546218487,6.1440677966101696,8475.0,False
0.07,1374,339,0.24672489082969432,0.9495798319327731,5.822033898305085,8937.0,False
0.08,1293,336,0.25986078886310904,0.9411764705882353,5.478813559322034,9684.0,False
0.09,1219,328,0.2690730106644791,0.9187675070028011,5.165254237288136,9972.0,False
0.1,1145,322,0.2812227074235808,0.9019607843137255,4.851694915254237,10410.0,False
0.11,1077,317,0.2943361188486537,0.8879551820728291,4.563559322033898,10851.0,False
0.12,1013,312,0.3079960513326752,0.8739495798319328,4.2923728813559325,11244.0,False
0.13,963,301,0.3125649013499481,0.8431372549019608,4.080508474576271,11019.0,False
0.14,912,296,0.32456140350877194,0.8291316526610645,3.864406779661017,11256.0,False
0.15,860,290,0.3372093023255814,0.8123249299719888,3.6440677966101696,11430.0,False
0.16,804,277,0.3445273631840796,0.7759103641456583,3.406779661016949,11127.0,False
0.17,761,270,0.354796320630749,0.7563025210084033,3.2245762711864407,11118.0,False
0.18,726,266,0.36639118457300274,0.7450980392156863,3.0762711864406778,11238.0,False
0.19,697,260,0.37302725968436157,0.7282913165266106,2.9533898305084745,11136.0,False
0.2,658,250,0.3799392097264438,0.7002801120448179,2.788135593220339,10854.0,False
0.21,620,243,0.3919354838709677,0.680672268907563,2.6271186440677967,10785.0,False
0.22,587,237,0.403747870528109,0.6638655462184874,2.48728813559322,10731.0,False
0.23,560,227,0.40535714285714286,0.6358543417366946,2.3728813559322033,10305.0,False
0.24,526,218,0.4144486692015209,0.6106442577030813,2.2288135593220337,10038.0,False
0.25,501,210,0.41916167664670656,0.5882352941176471,2.1228813559322033,9738.0,False
0.26,480,204,0.425,0.5714285714285714,2.0338983050847457,9540.0,False
0.27,454,198,0.43612334801762115,0.5546218487394958,1.923728813559322,9402.0,False
0.28,435,191,0.43908045977011495,0.5350140056022409,1.8432203389830508,9105.0,False
0.29,426,190,0.4460093896713615,0.5322128851540616,1.805084745762712,9138.0,False
0.3,400,183,0.4575,0.5126050420168067,1.694915254237288,8925.0,False
0.31,385,179,0.4649350649350649,0.5014005602240896,1.63135593220339,8805.0,False
0.32,366,174,0.47540983606557374,0.48739495798319327,1.5508474576271187,8658.0,False
0.33,352,171,0.48579545454545453,0.4789915966386555,1.4915254237288136,8601.0,False
0.34,336,165,0.49107142857142855,0.46218487394957986,1.423728813559322,8343.0,False
0.35,319,159,0.49843260188087773,0.44537815126050423,1.3516949152542372,8097.0,False
0.36,299,152,0.5083612040133779,0.4257703081232493,1.2669491525423728,7812.0,False
0.37,277,141,0.5090252707581228,0.3949579831932773,1.173728813559322,7251.0,False
0.38,264,136,0.5151515151515151,0.38095238095238093,1.11864406779661,7032.0,False
0.39,249,127,0.5100401606425703,0.3557422969187675,1.055084745762712,6537.0,False
0.4,236,124,0.5254237288135594,0.3473389355742297,1.0,6468.0,True
0.41,218,116,0.5321100917431193,0.32492997198879553,0.923728813559322,6084.0,True
0.42,203,109,0.5369458128078818,0.30532212885154064,0.8601694915254238,5739.0,True
0.43,193,106,0.5492227979274611,0.2969187675070028,0.8177966101694916,5634.0,True
0.44,187,102,0.5454545454545454,0.2857142857142857,0.7923728813559322,5406.0,True
0.45,172,94,0.5465116279069767,0.26330532212885155,0.7288135593220338,4986.0,True
0.46,164,92,0.5609756097560976,0.25770308123249297,0.6949152542372882,4932.0,True
0.47,155,87,0.5612903225806452,0.24369747899159663,0.6567796610169492,4665.0,True
0.48,148,81,0.5472972972972973,0.226890756302521,0.6271186440677966,4299.0,True
0.49,138,74,0.5362318840579711,0.20728291316526612,0.5847457627118644,3894.0,True
0.5,130,73,0.5615384615384615,0.20448179271708683,0.5508474576271186,3915.0,True
0.51,121,69,0.5702479338842975,0.19327731092436976,0.5127118644067796,3723.0,True
0.52,116,67,0.5775862068965517,0.1876750700280112,0.4915254237288136,3633.0,True
0.53,111,66,0.5945945945945946,0.18487394957983194,0.4703389830508475,3618.0,True
0.54,102,63,0.6176470588235294,0.17647058823529413,0.4322033898305085,3501.0,True
0.55,96,60,0.625,0.16806722689075632,0.4067796610169492,3348.0,True
0.56,88,54,0.6136363636363636,0.15126050420168066,0.3728813559322034,2994.0,True
0.57,86,53,0.6162790697674418,0.1484593837535014,0.3644067796610169,2943.0,True
0.58,77,49,0.6363636363636364,0.13725490196078433,0.326271186440678,2751.0,True
0.59,73,46,0.6301369863013698,0.12885154061624648,0.3093220338983051,2574.0,True
0.6,67,42,0.6268656716417911,0.11764705882352941,0.2838983050847458,2346.0,True
0.61,60,40,0.6666666666666666,0.11204481792717087,0.2542372881355932,2280.0,True
0.62,52,36,0.6923076923076923,0.10084033613445378,0.22033898305084745,2076.0,True
0.63,46,33,0.717391304347826,0.09243697478991597,0.19491525423728814,1923.0,True
0.64,42,29,0.6904761904761905,0.08123249299719888,0.17796610169491525,1671.0,True
0.65,39,28,0.717948717948718,0.0784313725490196,0.1652542372881356,1632.0,True
0.66,36,26,0.7222222222222222,0.07282913165266107,0.15254237288135594,1518.0,True
0.67,34,25,0.7352941176470589,0.0700280112044818,0.1440677966101695,1467.0,True
0.68,33,25,0.7575757575757576,0.0700280112044818,0.13983050847457626,1479.0,True
0.69,28,21,0.75,0.058823529411764705,0.11864406779661017,1239.0,True
0.7,27,21,0.7777777777777778,0.058823529411764705,0.11440677966101695,1251.0,True
0.71,24,19,0.7916666666666666,0.05322128851540616,0.1016949152542373,1137.0,True
0.72,20,17,0.85,0.047619047619047616,0.0847457627118644,1035.0,True
0.73,20,17,0.85,0.047619047619047616,0.0847457627118644,1035.0,True
0.74,19,16,0.8421052631578947,0.04481792717086835,0.08050847457627118,972.0,True
0.75,16,14,0.875,0.0392156862745098,0.06779661016949153,858.0,True
0.76,14,12,0.8571428571428571,0.03361344537815126,0.059322033898305086,732.0,True
0.77,10,8,0.8,0.022408963585434174,0.0423728813559322,480.0,True
0.78,9,7,0.7777777777777778,0.0196078431372549,0.038135593220338986,417.0,True
0.79,9,7,0.7777777777777778,0.0196078431372549,0.038135593220338986,417.0,True
0.8,8,7,0.875,0.0196078431372549,0.03389830508474576,429.0,True
0.81,7,6,0.8571428571428571,0.01680672268907563,0.029661016949152543,366.0,True
0.82,7,6,0.8571428571428571,0.01680672268907563,0.029661016949152543,366.0,True
0.83,5,4,0.8,0.011204481792717087,0.0211864406779661,240.0,True
0.84,5,4,0.8,0.011204481792717087,0.0211864406779661,240.0,True
0.85,4,3,0.75,0.008403361344537815,0.01694915254237288,177.0,True
0.86,4,3,0.75,0.008403361344537815,0.01694915254237288,177.0,True
0.87,3,2,0.6666666666666666,0.0056022408963585435,0.012711864406779662,114.0,True
0.88,3,2,0.6666666666666666,0.0056022408963585435,0.012711864406779662,114.0,True
0.89,1,1,1.0,0.0028011204481792717,0.00423728813559322,63.0,True
0.9,1,1,1.0,0.0028011204481792717,0.00423728813559322,63.0,True
0.91,0,0,0.0,0.0,0.0,0.0,False
0.92,0,0,0.0,0.0,0.0,0.0,False
0.93,0,0,0.0,0.0,0.0,0.0,False
0.94,0,0,0.0,0.0,0.0,0.0,False
0.95,0,0,0.0,0.0,0.0,0.0,False
